epoch,time,train/box_loss,train/cls_loss,train/dfl_loss,metrics/precision(B),metrics/recall(B),metrics/mAP50(B),metrics/mAP50-95(B),val/box_loss,val/cls_loss,val/dfl_loss,lr/pg0,lr/pg1,lr/pg2
1,15.9074,5.00629,16.1988,3.66674,0,0,0,0,2.76761,5.92181,2.32464,0,0,0
2,30.5094,5.30288,12.7996,4.099,0,0,0,0,2.76761,5.92181,2.32464,0.0001,0.0001,0.0001
3,44.2998,3.79024,7.73155,3.48757,0,0,0,0,2.76761,5.92181,2.32464,0.000198,0.000198,0.000198
4,58.6048,5.36838,13.4127,3.91059,0,0,0,0,2.79175,5.87914,2.35177,0.000294001,0.000294001,0.000294001
5,73.3031,3.30181,6.83521,2.79549,0,0,0,0,2.79175,5.87914,2.35177,0.000291001,0.000291001,0.000291001
6,88.3756,0,40.3642,0,0,0,0,0,2.79175,5.87914,2.35177,0.000288001,0.000288001,0.000288001
7,102.857,3.40186,8.71181,2.38118,0,0,0,0,2.82893,5.96423,2.38635,0.000285002,0.000285002,0.000285002
8,116.914,3.15266,9.02973,2.11574,0,0,0,0,2.82893,5.96423,2.38635,0.000282002,0.000282002,0.000282002
9,131.329,2.7768,6.37505,2.40989,0,0,0,0,2.82893,5.96423,2.38635,0.000279002,0.000279002,0.000279002
10,145.696,2.7953,6.3692,2.04835,0,0,0,0,2.81921,5.99487,2.3854,0.000276003,0.000276003,0.000276003
11,160.087,2.53276,6.82543,1.77597,0,0,0,0,2.81921,5.99487,2.3854,0.000273003,0.000273003,0.000273003
12,175.394,2.73469,7.54336,1.78697,0,0,0,0,2.81921,5.99487,2.3854,0.000270003,0.000270003,0.000270003
13,189.766,3.42983,6.34668,2.2791,0,0,0,0,2.89994,6.02026,2.41157,0.000267004,0.000267004,0.000267004
14,203.953,2.53839,5.68345,1.77233,0,0,0,0,2.89994,6.02026,2.41157,0.000264004,0.000264004,0.000264004
15,218.186,2.00436,6.59272,1.60023,0,0,0,0,2.89994,6.02026,2.41157,0.000261004,0.000261004,0.000261004
16,232.79,2.49682,5.65987,1.74915,0,0,0,0,2.90475,6.01088,2.4105,0.000258004,0.000258004,0.000258004
17,249.016,3.26826,5.88383,2.10598,0,0,0,0,2.90475,6.01088,2.4105,0.000255005,0.000255005,0.000255005
18,264.126,2.13003,6.60551,1.93723,0,0,0,0,2.90475,6.01088,2.4105,0.000252005,0.000252005,0.000252005
19,279.238,2.15005,6.47705,1.63529,0,0,0,0,2.90336,6.00439,2.37629,0.000249005,0.000249005,0.000249005
20,294.438,2.87725,7.1916,1.67339,0,0,0,0,2.90336,6.00439,2.37629,0.000246006,0.000246006,0.000246006
21,309.244,2.15016,5.45835,1.86767,0,0,0,0,2.90336,6.00439,2.37629,0.000243006,0.000243006,0.000243006
22,323.626,0,39.5544,0,0,0,0,0,2.90386,5.97057,2.37192,0.000240006,0.000240006,0.000240006
23,338.175,0,39.3735,0,0,0,0,0,2.90386,5.97057,2.37192,0.000237007,0.000237007,0.000237007
24,352.934,3.31703,4.90816,2.16631,0,0,0,0,2.90386,5.97057,2.37192,0.000234007,0.000234007,0.000234007
25,367.324,2.38622,6.47215,1.74105,0,0,0,0,2.92914,5.96817,2.35822,0.000231007,0.000231007,0.000231007
26,381.575,2.62221,4.89321,2.00024,0,0,0,0,2.92914,5.96817,2.35822,0.000228007,0.000228007,0.000228007
27,396.149,2.25059,5.04521,1.70446,0,0,0,0,2.92914,5.96817,2.35822,0.000225008,0.000225008,0.000225008
28,410.219,1.98553,5.99471,1.68348,0,0,0,0,2.8769,5.9226,2.34357,0.000222008,0.000222008,0.000222008
29,424.812,2.36549,4.17853,1.72746,0,0,0,0,2.8769,5.9226,2.34357,0.000219008,0.000219008,0.000219008
30,439.21,2.07049,5.93689,1.9652,0,0,0,0,2.8769,5.9226,2.34357,0.000216009,0.000216009,0.000216009
31,453.546,2.38272,4.84174,2.02181,0,0,0,0,2.86218,5.90139,2.32937,0.000213009,0.000213009,0.000213009
32,468.337,2.56613,4.2908,1.8833,0,0,0,0,2.86218,5.90139,2.32937,0.000210009,0.000210009,0.000210009
33,482.892,2.19314,4.05364,1.83745,0,0,0,0,2.86218,5.90139,2.32937,0.00020701,0.00020701,0.00020701
34,497.391,2.58362,6.45688,2.21089,0,0,0,0,2.84383,5.86435,2.29803,0.00020401,0.00020401,0.00020401
35,511.37,2.25914,4.55726,2.18336,0,0,0,0,2.84383,5.86435,2.29803,0.00020101,0.00020101,0.00020101
36,526.05,3.12373,3.45118,2.07499,0,0,0,0,2.84383,5.86435,2.29803,0.00019801,0.00019801,0.00019801
37,540.998,1.87345,4.18165,1.51115,0,0,0,0,2.81065,5.83303,2.26621,0.000195011,0.000195011,0.000195011
38,555.736,3.32331,4.5655,2.13386,0,0,0,0,2.81065,5.83303,2.26621,0.000192011,0.000192011,0.000192011
39,570.102,2.03595,6.44413,1.47798,0,0,0,0,2.81065,5.83303,2.26621,0.000189011,0.000189011,0.000189011
40,584.535,2.31084,3.50367,1.64585,0,0,0,0,2.77774,5.84298,2.23127,0.000186012,0.000186012,0.000186012
41,598.818,2.85394,4.73812,2.09058,0,0,0,0,2.77774,5.84298,2.23127,0.000183012,0.000183012,0.000183012
42,613.405,2.75792,3.965,1.87201,0,0,0,0,2.77774,5.84298,2.23127,0.000180012,0.000180012,0.000180012
43,627.534,1.77556,5.2273,1.89336,0,0,0,0,2.7613,5.81859,2.22376,0.000177013,0.000177013,0.000177013
44,642.041,2.37879,3.89978,1.56644,0,0,0,0,2.7613,5.81859,2.22376,0.000174013,0.000174013,0.000174013
45,656.696,2.14351,4.04381,1.77118,0,0,0,0,2.7613,5.81859,2.22376,0.000171013,0.000171013,0.000171013
46,671.285,2.35057,3.2524,1.66096,0,0,0,0,2.72727,5.81575,2.20611,0.000168013,0.000168013,0.000168013
47,685.718,2.13548,4.37993,1.78283,0,0,0,0,2.72727,5.81575,2.20611,0.000165014,0.000165014,0.000165014
48,699.971,2.13976,3.80325,2.27327,0,0,0,0,2.72727,5.81575,2.20611,0.000162014,0.000162014,0.000162014
49,714.307,2.32533,3.69222,2.04129,0,0,0,0,2.73441,5.77779,2.20267,0.000159014,0.000159014,0.000159014
50,729.001,3.55896,6.07072,2.03863,0,0,0,0,2.73441,5.77779,2.20267,0.000156015,0.000156015,0.000156015
51,743.487,2.61919,3.29709,1.39615,0,0,0,0,2.73441,5.77779,2.20267,0.000153015,0.000153015,0.000153015
52,757.99,0,40.2902,0,0,0,0,0,2.7686,5.76038,2.23363,0.000150015,0.000150015,0.000150015
53,772.146,2.94776,4.23934,1.9918,0,0,0,0,2.7686,5.76038,2.23363,0.000147016,0.000147016,0.000147016
54,786.255,2.07451,3.90055,1.62349,0,0,0,0,2.7686,5.76038,2.23363,0.000144016,0.000144016,0.000144016
55,800.583,2.18331,4.04215,1.48421,0,0,0,0,2.77465,5.77752,2.23677,0.000141016,0.000141016,0.000141016
56,815.224,2.78532,3.4713,1.6819,0,0,0,0,2.77465,5.77752,2.23677,0.000138016,0.000138016,0.000138016
57,829.575,2.1424,3.35757,1.58065,0,0,0,0,2.77465,5.77752,2.23677,0.000135017,0.000135017,0.000135017
58,844.482,1.48142,3.68265,1.62911,0,0,0,0,2.79303,5.79976,2.22699,0.000132017,0.000132017,0.000132017
59,859.94,2.15329,4.24046,1.83931,0,0,0,0,2.79303,5.79976,2.22699,0.000129017,0.000129017,0.000129017
60,875.018,2.5413,4.31479,1.69353,0,0,0,0,2.79303,5.79976,2.22699,0.000126018,0.000126018,0.000126018
61,889.599,0,44.7178,0,0,0,0,0,2.77991,5.79789,2.23147,0.000123018,0.000123018,0.000123018
62,903.921,2.44213,5.99467,2.27787,0,0,0,0,2.77991,5.79789,2.23147,0.000120018,0.000120018,0.000120018
63,918.939,1.88309,3.33709,1.59113,0,0,0,0,2.77991,5.79789,2.23147,0.000117019,0.000117019,0.000117019
64,933.45,2.10528,3.34266,1.61745,0,0,0,0,2.7757,5.80398,2.23353,0.000114019,0.000114019,0.000114019
65,948.251,1.8316,3.83332,1.49508,0,0,0,0,2.7757,5.80398,2.23353,0.000111019,0.000111019,0.000111019
66,962.731,2.35696,4.37532,2.24494,0,0,0,0,2.7757,5.80398,2.23353,0.000108019,0.000108019,0.000108019
67,978.348,2.65818,4.69743,1.45682,0,0,0,0,2.77433,5.8041,2.22174,0.00010502,0.00010502,0.00010502
68,992.946,2.71081,3.65285,1.83068,0,0,0,0,2.77433,5.8041,2.22174,0.00010202,0.00010202,0.00010202
69,1007.7,2.30258,3.20657,1.71596,0,0,0,0,2.77433,5.8041,2.22174,9.90204e-05,9.90204e-05,9.90204e-05
70,1022.63,1.88968,3.0792,1.70825,0,0,0,0,2.78445,5.77742,2.23153,9.60207e-05,9.60207e-05,9.60207e-05
71,1037.14,2.07933,3.24027,1.56416,0,0,0,0,2.78445,5.77742,2.23153,9.3021e-05,9.3021e-05,9.3021e-05
72,1052.02,2.04462,3.60254,1.46123,0,0,0,0,2.78445,5.77742,2.23153,9.00213e-05,9.00213e-05,9.00213e-05
73,1067.31,1.57732,4.05112,1.58417,0,0,0,0,2.78897,5.7658,2.23923,8.70216e-05,8.70216e-05,8.70216e-05
74,1082.26,2.63394,3.49703,1.43227,0,0,0,0,2.78897,5.7658,2.23923,8.40219e-05,8.40219e-05,8.40219e-05
75,1097.5,1.67025,3.49781,1.62898,0,0,0,0,2.78897,5.7658,2.23923,8.10222e-05,8.10222e-05,8.10222e-05
76,1112.42,2.60325,4.06239,1.74474,0.00198,0.00483,0.00031,6e-05,2.78798,5.77177,2.23704,7.80225e-05,7.80225e-05,7.80225e-05
77,1127.18,2.35764,3.15368,1.54689,0.00198,0.00483,0.00031,6e-05,2.78798,5.77177,2.23704,7.50228e-05,7.50228e-05,7.50228e-05
78,1142.71,2.32954,2.76177,1.54036,0.00198,0.00483,0.00031,6e-05,2.78798,5.77177,2.23704,7.20231e-05,7.20231e-05,7.20231e-05
79,1158.21,1.80874,3.61981,1.80811,0.0015,0.00483,0.00022,4e-05,2.79435,5.77392,2.24563,6.90234e-05,6.90234e-05,6.90234e-05
80,1173.46,1.92139,3.58896,1.4996,0.0015,0.00483,0.00022,4e-05,2.79435,5.77392,2.24563,6.60237e-05,6.60237e-05,6.60237e-05
81,1188.44,2.21489,2.93421,1.27931,0.0015,0.00483,0.00022,4e-05,2.79435,5.77392,2.24563,6.3024e-05,6.3024e-05,6.3024e-05
82,1203.27,1.58321,3.00235,1.62645,0.00105,0.00483,0.00014,3e-05,2.80384,5.75313,2.23957,6.00243e-05,6.00243e-05,6.00243e-05
83,1218.4,1.91472,3.22635,1.71162,0.00105,0.00483,0.00014,3e-05,2.80384,5.75313,2.23957,5.70246e-05,5.70246e-05,5.70246e-05
84,1233.42,2.03563,2.72538,1.52465,0.00105,0.00483,0.00014,3e-05,2.80384,5.75313,2.23957,5.40249e-05,5.40249e-05,5.40249e-05
85,1248.24,2.94622,7.05261,2.64546,0.00068,0.00483,9e-05,2e-05,2.81285,5.73785,2.24631,5.10252e-05,5.10252e-05,5.10252e-05
86,1263.56,1.73948,3.48959,1.51983,0.00068,0.00483,9e-05,2e-05,2.81285,5.73785,2.24631,4.80255e-05,4.80255e-05,4.80255e-05
87,1279.25,1.8285,3.70175,1.85872,0.00068,0.00483,9e-05,2e-05,2.81285,5.73785,2.24631,4.50258e-05,4.50258e-05,4.50258e-05
88,1294.35,1.84257,3.24341,1.58411,0.00055,0.00483,0.00011,2e-05,2.8063,5.72465,2.23934,4.20261e-05,4.20261e-05,4.20261e-05
89,1309.35,2.48198,45.1887,1.79076,0.00055,0.00483,0.00011,2e-05,2.8063,5.72465,2.23934,3.90264e-05,3.90264e-05,3.90264e-05
90,1324.57,1.76372,2.59965,1.60108,0.00055,0.00483,0.00011,2e-05,2.8063,5.72465,2.23934,3.60267e-05,3.60267e-05,3.60267e-05
91,1339.57,2.52076,3.62783,1.80879,0.00047,0.00483,0.0001,1e-05,2.80375,5.72268,2.24066,3.3027e-05,3.3027e-05,3.3027e-05
92,1354.86,1.80181,3.40559,1.78708,0.00047,0.00483,0.0001,1e-05,2.80375,5.72268,2.24066,3.00273e-05,3.00273e-05,3.00273e-05
93,1370.01,2.21405,4.48495,1.55147,0.00047,0.00483,0.0001,1e-05,2.80375,5.72268,2.24066,2.70276e-05,2.70276e-05,2.70276e-05
94,1385.37,2.23811,4.13322,1.73764,0.00038,0.00483,9e-05,1e-05,2.80323,5.72524,2.24691,2.40279e-05,2.40279e-05,2.40279e-05
95,1400.47,2.05835,4.20928,1.7156,0.00038,0.00483,9e-05,1e-05,2.80323,5.72524,2.24691,2.10282e-05,2.10282e-05,2.10282e-05
96,1415.39,2.49211,5.34934,1.63561,0.00038,0.00483,9e-05,1e-05,2.80323,5.72524,2.24691,1.80285e-05,1.80285e-05,1.80285e-05
97,1430.6,2.2874,4.02721,2.06089,0.00015,0.00242,2e-05,0,2.81669,5.74166,2.25852,1.50288e-05,1.50288e-05,1.50288e-05
98,1446.36,1.82706,3.84139,1.86058,0.00015,0.00242,2e-05,0,2.81669,5.74166,2.25852,1.20291e-05,1.20291e-05,1.20291e-05
99,1461.36,2.01677,4.26279,1.60011,0.00015,0.00242,2e-05,0,2.81669,5.74166,2.25852,9.0294e-06,9.0294e-06,9.0294e-06
100,1476.49,2.54786,4.53995,1.94239,0.00014,0.00242,1e-05,0,2.81045,5.76286,2.26344,6.0297e-06,6.0297e-06,6.0297e-06
